userId,resourceId,rating
1,1,3.0
2,1,1.0
3,1,1.0
4,1,1.0
5,1,4.0
6,1,2.0
7,1,1.0
8,1,3.0
9,1,3.0
10,1,2.0
11,1,4.0
12,1,3.0
13,1,3.0
14,1,2.0
15,1,1.0
16,1,3.0
17,1,3.0
18,1,2.0
19,1,2.0
20,1,3.0
1,2,5.0
2,2,2.0
3,2,3.0
4,2,2.0
5,2,5.0
6,2,1.0
7,2,2.0
8,2,2.0
9,2,5.0
10,2,5.0
11,2,3.0
12,2,2.0
13,2,4.0
14,2,5.0
15,2,4.0
16,2,2.0
17,2,5.0
18,2,2.0
19,2,3.0
20,2,2.0
1,3,3.0
2,3,3.0
3,3,2.0
4,3,1.0
5,3,2.0
6,3,1.0
7,3,1.0
8,3,1.0
9,3,4.0
10,3,4.0
11,3,5.0
12,3,1.0
13,3,3.0
14,3,1.0
15,3,2.0
16,3,1.0
17,3,3.0
18,3,1.0
19,3,2.0
20,3,1.0
1,4,1.0
2,4,4.0
3,4,1.0
4,4,2.0
5,4,1.0
6,4,4.0
7,4,2.0
8,4,2.0
9,4,3.0
10,4,3.0
11,4,5.0
12,4,2.0
13,4,3.0
14,4,4.0
15,4,3.0
16,4,2.0
17,4,3.0
18,4,4.0
19,4,3.0
20,4,2.0
1,5,2.0
2,5,5.0
3,5,2.0
4,5,2.0
5,5,2.0
6,5,4.0
7,5,2.0
8,5,1.0
9,5,2.0
10,5,5.0
11,5,3.0
12,5,1.0
13,5,2.0
14,5,5.0
15,5,3.0
16,5,1.0
17,5,2.0
18,5,5.0
19,5,4.0
20,5,1.0
1,6,1.0
2,6,5.0
3,6,1.0
4,6,1.0
5,6,1.0
6,6,5.0
7,6,1.0
8,6,2.0
9,6,1.0
10,6,5.0
11,6,2.0
12,6,2.0
13,6,1.0
14,6,5.0
15,6,2.0
16,6,2.0
17,6,1.0
18,6,5.0
19,6,1.0
20,6,2.0
1,7,2.0
2,7,1.0
3,7,2.0
4,7,1.0
5,7,2.0
6,7,2.0
7,7,2.0
8,7,1.0
9,7,2.0
10,7,3.0
11,7,2.0
12,7,1.0
13,7,2.0
14,7,3.0
15,7,2.0
16,7,1.0
17,7,2.0
18,7,3.0
19,7,2.0
20,7,1.0
1,8,2.0
2,8,2.0
3,8,4.0
4,8,1.0
5,8,2.0
6,8,1.0
7,8,4.0
8,8,1.0
9,8,3.0
10,8,2.0
11,8,5.0
12,8,1.0
13,8,1.0
14,8,1.0
15,8,4.0
16,8,1.0
17,8,1.0
18,8,2.0
19,8,4.0
20,8,1.0
1,9,2.0
2,9,1.0
3,9,2.0
4,9,1.0
5,9,1.0
6,9,1.0
7,9,3.0
8,9,2.0
9,9,2.0
10,9,1.0
11,9,2.0
12,9,2.0
13,9,2.0
14,9,1.0
15,9,3.0
16,9,2.0
17,9,2.0
18,9,1.0
19,9,2.0
20,9,2.0
1,10,2.0
2,10,2.0
3,10,1.0
4,10,5.0
5,10,1.0
6,10,2.0
7,10,2.0
8,10,3.0
9,10,1.0
10,10,2.0
11,10,3.0
12,10,5.0
13,10,1.0
14,10,2.0
15,10,3.0
16,10,5.0
17,10,1.0
18,10,2.0
19,10,3.0
20,10,5.0
1,11,1.0
2,11,2.0
3,11,3.0
4,11,3.0
5,11,1.0
6,11,2.0
7,11,1.0
8,11,3.0
9,11,1.0
10,11,1.0
11,11,2.0
12,11,3.0
13,11,1.0
14,11,3.0
15,11,2.0
16,11,3.0
17,11,1.0
18,11,1.0
19,11,2.0
20,11,3.0
1,12,2.0
2,12,2.0
3,12,1.0
4,12,4.0
5,12,2.0
6,12,1.0
7,12,1.0
8,12,4.0
9,12,2.0
10,12,2.0
11,12,1.0
12,12,4.0
13,12,2.0
14,12,2.0
15,12,1.0
16,12,4.0
17,12,2.0
18,12,2.0
19,12,1.0
20,12,4.0
1,13,5.0
2,13,2.0
3,13,2.0
4,13,2.0
5,13,4.0
6,13,1.0
7,13,2.0
8,13,1.0
9,13,5.0
10,13,1.0
11,13,2.0
12,13,3.0
13,13,5.0
14,13,1.0
15,13,2.0
16,13,3.0
17,13,5.0
18,13,1.0
19,13,2.0
20,13,3.0
1,14,4.0
2,14,1.0
3,14,2.0
4,14,1.0
5,14,4.0
6,14,2.0
7,14,1.0
8,14,2.0
9,14,4.0
10,14,1.0
11,14,1.0
12,14,2.0
13,14,4.0
14,14,2.0
15,14,1.0
16,14,2.0
17,14,4.0
18,14,1.0
19,14,1.0
20,14,2.0
1,15,5.0
2,15,2.0
3,15,1.0
4,15,2.0
5,15,5.0
6,15,2.0
7,15,1.0
8,15,3.0
9,15,5.0
10,15,2.0
11,15,2.0
12,15,1.0
13,15,4.0
14,15,2.0
15,15,2.0
16,15,1.0
17,15,5.0
18,15,2.0
19,15,2.0
20,15,1.0
1,16,1.0
2,16,4.0
3,16,2.0
4,16,2.0
5,16,1.0
6,16,4.0
7,16,1.0
8,16,1.0
9,16,3.0
10,16,4.0
11,16,1.0
12,16,2.0
13,16,3.0
14,16,4.0
15,16,1.0
16,16,2.0
17,16,3.0
18,16,4.0
19,16,1.0
20,16,2.0
1,17,2.0
2,17,5.0
3,17,1.0
4,17,1.0
5,17,2.0
6,17,5.0
7,17,2.0
8,17,2.0
9,17,2.0
10,17,5.0
11,17,1.0
12,17,1.0
13,17,2.0
14,17,5.0
15,17,1.0
16,17,1.0
17,17,2.0
18,17,5.0
19,17,1.0
20,17,3.0
1,18,1.0
2,18,2.0
3,18,2.0
4,18,2.0
5,18,1.0
6,18,3.0
7,18,1.0
8,18,2.0
9,18,1.0
10,18,3.0
11,18,2.0
12,18,2.0
13,18,1.0
14,18,3.0
15,18,2.0
16,18,2.0
17,18,1.0
18,18,2.0
19,18,2.0
20,18,2.0
1,19,2.0
2,19,1.0
3,19,3.0
4,19,2.0
5,19,2.0
6,19,2.0
7,19,3.0
8,19,1.0
9,19,1.0
10,19,3.0
11,19,3.0
12,19,1.0
13,19,2.0
14,19,3.0
15,19,3.0
16,19,1.0
17,19,2.0
18,19,3.0
19,19,3.0
20,19,2.0
1,20,2.0
2,20,2.0
3,20,5.0
4,20,1.0
5,20,2.0
6,20,1.0
7,20,5.0
8,20,2.0
9,20,3.0
10,20,2.0
11,20,5.0
12,20,1.0
13,20,1.0
14,20,2.0
15,20,5.0
16,20,1.0
17,20,1.0
18,20,2.0
19,20,5.0
20,20,1.0
1,21,2.0
2,21,1.0
3,21,4.0
4,21,2.0
5,21,1.0
6,21,1.0
7,21,2.0
8,21,1.0
9,21,3.0
10,21,1.0
11,21,4.0
12,21,2.0
13,21,2.0
14,21,1.0
15,21,4.0
16,21,2.0
17,21,2.0
18,21,1.0
19,21,4.0
20,21,2.0
1,22,2.0
2,22,2.0
3,22,1.0
4,22,2.0
5,22,2.0
6,22,2.0
7,22,1.0
8,22,2.0
9,22,1.0
10,22,2.0
11,22,3.0
12,22,2.0
13,22,1.0
14,22,2.0
15,22,3.0
16,22,2.0
17,22,1.0
18,22,2.0
19,22,3.0
20,22,2.0
1,23,1.0
2,23,2.0
3,23,2.0
4,23,4.0
5,23,1.0
6,23,2.0
7,23,1.0
8,23,4.0
9,23,1.0
10,23,1.0
11,23,2.0
12,23,4.0
13,23,1.0
14,23,1.0
15,23,2.0
16,23,5.0
17,23,1.0
18,23,1.0
19,23,2.0
20,23,5.0
1,24,2.0
2,24,2.0
3,24,2.0
4,24,2.0
5,24,2.0
6,24,1.0
7,24,1.0
8,24,3.0
9,24,2.0
10,24,2.0
11,24,1.0
12,24,3.0
13,24,2.0
14,24,2.0
15,24,1.0
16,24,2.0
17,24,2.0
18,24,2.0
19,24,1.0
20,24,2.0
1,25,5.0
2,25,2.0
3,25,1.0
4,25,2.0
5,25,5.0
6,25,1.0
7,25,2.0
8,25,3.0
9,25,5.0
10,25,1.0
11,25,2.0
12,25,3.0
13,25,5.0
14,25,1.0
15,25,2.0
16,25,3.0
17,25,5.0
18,25,1.0
19,25,2.0
20,25,3.0
1,26,3.0
2,26,1.0
3,26,2.0
4,26,1.0
5,26,3.0
6,26,2.0
7,26,2.0
8,26,2.0
9,26,3.0
10,26,1.0
11,26,1.0
12,26,2.0
13,26,4.0
14,26,1.0
15,26,1.0
16,26,2.0
17,26,3.0
18,26,1.0
19,26,1.0
20,26,2.0
1,27,3.0
2,27,2.0
3,27,2.0
4,27,2.0
5,27,2.0
6,27,1.0
7,27,1.0
8,27,1.0
9,27,3.0
10,27,2.0
11,27,2.0
12,27,1.0
13,27,3.0
14,27,2.0
15,27,2.0
16,27,1.0
17,27,3.0
18,27,2.0
19,27,2.0
20,27,1.0
1,28,1.0
2,28,5.0
3,28,1.0
4,28,3.0
5,28,1.0
6,28,5.0
7,28,2.0
8,28,2.0
9,28,3.0
10,28,5.0
11,28,1.0
12,28,2.0
13,28,3.0
14,28,5.0
15,28,1.0
16,28,2.0
17,28,3.0
18,28,5.0
19,28,1.0
20,28,2.0
1,29,2.0
2,29,5.0
3,29,2.0
4,29,1.0
5,29,2.0
6,29,4.0
7,29,1.0
8,29,1.0
9,29,2.0
10,29,4.0
11,29,1.0
12,29,1.0
13,29,2.0
14,29,4.0
15,29,1.0
16,29,1.0
17,29,2.0
18,29,5.0
19,29,1.0
20,29,1.0
1,30,1.0
2,30,4.0
3,30,1.0
4,30,2.0
5,30,1.0
6,30,4.0
7,30,3.0
8,30,2.0
9,30,1.0
10,30,4.0
11,30,2.0
12,30,2.0
13,30,1.0
14,30,4.0
15,30,2.0
16,30,2.0
17,30,1.0
18,30,4.0
19,30,2.0
20,30,3.0
1,31,2.0
2,31,1.0
3,31,3.0
4,31,2.0
5,31,2.0
6,31,2.0
7,31,3.0
8,31,1.0
9,31,2.0
10,31,3.0
11,31,3.0
12,31,1.0
13,31,2.0
14,31,3.0
15,31,3.0
16,31,1.0
17,31,2.0
18,31,3.0
19,31,3.0
20,31,1.0
1,32,2.0
2,32,2.0
3,32,5.0
4,32,1.0
5,32,2.0
6,32,1.0
7,32,5.0
8,32,1.0
9,32,1.0
10,32,2.0
11,32,4.0
12,32,1.0
13,32,1.0
14,32,2.0
15,32,5.0
16,32,1.0
17,32,1.0
18,32,2.0
19,32,5.0
20,32,1.0
1,33,2.0
2,33,1.0
3,33,5.0
4,33,2.0
5,33,1.0
6,33,1.0
7,33,4.0
8,33,2.0
9,33,2.0
10,33,1.0
11,33,5.0
12,33,2.0
13,33,2.0
14,33,1.0
15,33,5.0
16,33,2.0
17,33,2.0
18,33,1.0
19,33,5.0
20,33,2.0
1,34,2.0
2,34,2.0
3,34,2.0
4,34,5.0
5,34,2.0
6,34,2.0
7,34,3.0
8,34,5.0
9,34,1.0
10,34,2.0
11,34,3.0
12,34,5.0
13,34,1.0
14,34,2.0
15,34,2.0
16,34,5.0
17,34,1.0
18,34,2.0
19,34,3.0
20,34,5.0
1,35,1.0
2,35,2.0
3,35,2.0
4,35,3.0
5,35,1.0
6,35,2.0
7,35,2.0
8,35,4.0
9,35,1.0
10,35,1.0
11,35,2.0
12,35,3.0
13,35,1.0
14,35,1.0
15,35,2.0
16,35,3.0
17,35,1.0
18,35,1.0
19,35,2.0
20,35,4.0
1,36,2.0
2,36,2.0
3,36,2.0
4,36,4.0
5,36,2.0
6,36,1.0
7,36,1.0
8,36,4.0
9,36,2.0
10,36,2.0
11,36,2.0
12,36,3.0
13,36,2.0
14,36,2.0
15,36,1.0
16,36,4.0
17,36,2.0
18,36,2.0
19,36,1.0
20,36,4.0
1,37,3.0
2,37,2.0
3,37,2.0
4,37,2.0
5,37,3.0
6,37,1.0
7,37,2.0
8,37,3.0
9,37,3.0
10,37,1.0
11,37,1.0
12,37,3.0
13,37,3.0
14,37,1.0
15,37,3.0
16,37,3.0
17,37,3.0
18,37,1.0
19,37,2.0
20,37,2.0
1,38,5.0
2,38,1.0
3,38,1.0
4,38,1.0
5,38,4.0
6,38,2.0
7,38,2.0
8,38,2.0
9,38,5.0
10,38,1.0
11,38,1.0
12,38,2.0
13,38,4.0
14,38,1.0
15,38,1.0
16,38,2.0
17,38,5.0
18,38,1.0
19,38,1.0
20,38,2.0
1,39,5.0
2,39,2.0
3,39,2.0
4,39,2.0
5,39,5.0
6,39,2.0
7,39,1.0
8,39,1.0
9,39,5.0
10,39,2.0
11,39,2.0
12,39,1.0
13,39,5.0
14,39,2.0
15,39,2.0
16,39,1.0
17,39,5.0
18,39,2.0
19,39,2.0
20,39,1.0
1,40,1.0
2,40,5.0
3,40,1.0
4,40,1.0
5,40,1.0
6,40,5.0
7,40,2.0
8,40,2.0
9,40,3.0
10,40,5.0
11,40,1.0
12,40,2.0
13,40,3.0
14,40,5.0
15,40,1.0
16,40,2.0
17,40,3.0
18,40,5.0
19,40,1.0
20,40,2.0
1,41,2.0
2,41,4.0
3,41,2.0
4,41,1.0
5,41,2.0
6,41,4.0
7,41,1.0
8,41,1.0
9,41,2.0
10,41,4.0
11,41,1.0
12,41,1.0
13,41,2.0
14,41,3.0
15,41,1.0
16,41,1.0
17,41,2.0
18,41,4.0
19,41,1.0
20,41,1.0
1,42,1.0
2,42,3.0
3,42,1.0
4,42,1.0
5,42,1.0
6,42,3.0
7,42,2.0
8,42,2.0
9,42,1.0
10,42,3.0
11,42,2.0
12,42,2.0
13,42,1.0
14,42,3.0
15,42,2.0
16,42,2.0
17,42,1.0
18,42,3.0
19,42,2.0
20,42,2.0
1,43,2.0
2,43,1.0
3,43,5.0
4,43,0.0
5,43,2.0
6,43,2.0
7,43,5.0
8,43,1.0
9,43,2.0
10,43,3.0
11,43,5.0
12,43,1.0
13,43,2.0
14,43,3.0
15,43,5.0
16,43,1.0
17,43,2.0
18,43,3.0
19,43,5.0
20,43,1.0
1,44,2.0
2,44,2.0
3,44,3.0
4,44,3.0
5,44,2.0
6,44,1.0
7,44,3.0
8,44,1.0
9,44,1.0
10,44,2.0
11,44,3.0
12,44,1.0
13,44,1.0
14,44,2.0
15,44,3.0
16,44,1.0
17,44,1.0
18,44,2.0
19,44,3.0
20,44,1.0
1,45,2.0
2,45,1.0
3,45,4.0
4,45,1.0
5,45,1.0
6,45,1.0
7,45,5.0
8,45,2.0
9,45,2.0
10,45,1.0
11,45,4.0
12,45,2.0
13,45,2.0
14,45,1.0
15,45,4.0
16,45,2.0
17,45,2.0
18,45,1.0
19,45,4.0
20,45,2.0
1,46,2.0
2,46,2.0
3,46,2.0
4,46,4.0
5,46,2.0
6,46,2.0
7,46,2.0
8,46,4.0
9,46,1.0
10,46,2.0
11,46,2.0
12,46,5.0
13,46,4.0
14,46,1.0
15,46,3.0
16,46,4.0
17,46,1.0
18,46,2.0
19,46,3.0
20,46,5.0
1,47,1.0
2,47,2.0
3,47,2.0
4,47,2.0
5,47,1.0
6,47,2.0
7,47,1.0
8,47,2.0
9,47,1.0
10,47,1.0
11,47,1.0
12,47,2.0
13,47,1.0
14,47,1.0
15,47,2.0
16,47,2.0
17,47,1.0
18,47,3.0
19,47,2.0
20,47,2.0
1,48,2.0
2,48,2.0
3,48,2.0
4,48,4.0
5,48,2.0
6,48,1.0
7,48,2.0
8,48,5.0
9,48,2.0
10,48,2.0
11,48,3.0
12,48,4.0
13,48,2.0
14,48,2.0
15,48,1.0
16,48,3.0
17,48,2.0
18,48,2.0
19,48,1.0
20,48,4.0
1,49,5.0
2,49,2.0
3,49,2.0
4,49,2.0
5,49,5.0
6,49,1.0
7,49,3.0
8,49,3.0
9,49,5.0
10,49,1.0
11,49,2.0
12,49,3.0
13,49,5.0
14,49,1.0
15,49,1.0
16,49,3.0
17,49,5.0
18,49,1.0
19,49,2.0
20,49,3.0
1,50,2.0
2,50,1.0
3,50,1.0
4,50,2.0
5,50,3.0
6,50,2.0
7,50,2.0
8,50,2.0
9,50,2.0
10,50,1.0
11,50,1.0
12,50,2.0
13,50,2.0
14,50,1.0
15,50,2.0
16,50,2.0
17,50,2.0
18,50,3.0
19,50,2.0
20,50,2.0
1,51,2.0
2,51,2.0
3,51,2.0
4,51,1.0
5,51,2.0
6,51,1.0
7,51,1.0
8,51,1.0
9,51,2.0
10,51,2.0
11,51,2.0
12,51,1.0
13,51,2.0
14,51,2.0
15,51,3.0
16,51,1.0
17,51,2.0
18,51,2.0
19,51,2.0
20,51,1.0
1,52,1.0
2,52,5.0
3,52,1.0
4,52,2.0
5,52,1.0
6,52,5.0
7,52,1.0
8,52,2.0
9,52,3.0
10,52,5.0
11,52,1.0
12,52,2.0
13,52,3.0
14,52,5.0
15,52,1.0
16,52,2.0
17,52,3.0
18,52,5.0
19,52,1.0
20,52,2.0
1,53,2.0
2,53,2.0
3,53,1.0
4,53,2.0
5,53,2.0
6,53,3.0
7,53,2.0
8,53,1.0
9,53,2.0
10,53,2.0
11,53,2.0
12,53,1.0
13,53,2.0
14,53,3.0
15,53,1.0
16,53,1.0
17,53,2.0
18,53,2.0
19,53,1.0
20,53,1.0
1,54,1.0
2,54,2.0
3,54,1.0
4,54,3.0
5,54,1.0
6,54,2.0
7,54,1.0
8,54,2.0
9,54,1.0
10,54,3.0
11,54,1.0
12,54,2.0
13,54,1.0
14,54,2.0
15,54,4.0
16,54,2.0
17,54,1.0
18,54,2.0
19,54,2.0
20,54,1.0
1,55,2.0
2,55,1.0
3,55,2.0
4,55,1.0
5,55,2.0
6,55,2.0
7,55,2.0
8,55,1.0
9,55,2.0
10,55,3.0
11,55,2.0
12,55,1.0
13,55,2.0
14,55,3.0
15,55,2.0
16,55,1.0
17,55,2.0
18,55,3.0
19,55,2.0
20,55,1.0
1,56,2.0
2,56,2.0
3,56,4.0
4,56,1.0
5,56,2.0
6,56,1.0
7,56,4.0
8,56,1.0
9,56,1.0
10,56,2.0
11,56,5.0
12,56,1.0
13,56,1.0
14,56,2.0
15,56,4.0
16,56,1.0
17,56,1.0
18,56,2.0
19,56,4.0
20,56,1.0
1,57,2.0
2,57,1.0
3,57,2.0
4,57,1.0
5,57,1.0
6,57,1.0
7,57,3.0
8,57,2.0
9,57,2.0
10,57,1.0
11,57,2.0
12,57,2.0
13,57,2.0
14,57,2.0
15,57,2.0
16,57,2.0
17,57,2.0
18,57,1.0
19,57,2.0
20,57,2.0
1,58,2.0
2,58,2.0
3,58,2.0
4,58,2.0
5,58,2.0
6,58,2.0
7,58,2.0
8,58,2.0
9,58,1.0
10,58,2.0
11,58,3.0
12,58,2.0
13,58,1.0
14,58,1.0
15,58,1.0
16,58,2.0
17,58,1.0
18,58,1.0
19,58,2.0
20,58,2.0
1,59,1.0
2,59,2.0
3,59,1.0
4,59,2.0
5,59,1.0
6,59,1.0
7,59,2.0
8,59,3.0
9,59,1.0
10,59,1.0
11,59,2.0
12,59,3.0
13,59,1.0
14,59,2.0
15,59,3.0
16,59,3.0
17,59,1.0
18,59,3.0
19,59,3.0
20,59,3.0
1,60,2.0
2,60,2.0
3,60,2.0
4,60,5.0
5,60,1.0
6,60,1.0
7,60,2.0
8,60,5.0
9,60,2.0
10,60,2.0
11,60,2.0
12,60,5.0
13,60,2.0
14,60,3.0
15,60,4.0
16,60,5.0
17,60,2.0
18,60,5.0
19,60,4.0
20,60,5.0
1,61,4.0
2,61,3.0
3,61,3.0
4,61,4.0
5,61,3.0
6,61,3.0
7,61,4.0
8,61,3.0
9,61,3.0
10,61,4.0
11,61,3.0
12,61,3.0
13,61,4.0
14,61,3.0
15,61,3.0
16,61,4.0
17,61,3.0
18,61,3.0
19,61,4.0
20,61,3.0
1,62,2.0
2,62,4.0
3,62,4.0
4,62,3.0
5,62,4.0
6,62,4.0
7,62,2.0
8,62,4.0
9,62,4.0
10,62,3.0
11,62,4.0
12,62,4.0
13,62,2.0
14,62,4.0
15,62,4.0
16,62,3.0
17,62,4.0
18,62,2.0
19,62,2.0
20,62,4.0
1,63,4.0
2,63,4.0
3,63,3.0
4,63,5.0
5,63,4.0
6,63,3.0
7,63,4.0
8,63,4.0
9,63,3.0
10,63,5.0
11,63,4.0
12,63,3.0
13,63,4.0
14,63,4.0
15,63,3.0
16,63,5.0
17,63,4.0
18,63,5.0
19,63,4.0
20,63,4.0
1,64,5.0
2,64,5.0
3,64,4.0
4,64,5.0
5,64,5.0
6,64,4.0
7,64,3.0
8,64,5.0
9,64,4.0
10,64,5.0
11,64,5.0
12,64,4.0
13,64,5.0
14,64,5.0
15,64,4.0
16,64,5.0
17,64,5.0
18,64,2.0
19,64,5.0
20,64,5.0
1,65,4.0
2,65,4.0
3,65,3.0
4,65,3.0
5,65,4.0
6,65,3.0
7,65,4.0
8,65,4.0
9,65,3.0
10,65,3.0
11,65,4.0
12,65,3.0
13,65,4.0
14,65,4.0
15,65,3.0
16,65,3.0
17,65,4.0
18,65,4.0
19,65,4.0
20,65,4.0
1,66,4.0
2,66,4.0
3,66,2.0
4,66,4.0
5,66,4.0
6,66,2.0
7,66,4.0
8,66,4.0
9,66,2.0
10,66,4.0
11,66,4.0
12,66,2.0
13,66,4.0
14,66,4.0
15,66,2.0
16,66,4.0
17,66,4.0
18,66,3.0
19,66,4.0
20,66,4.0
1,67,1.0
2,67,4.0
3,67,3.0
4,67,2.0
5,67,4.0
6,67,3.0
7,67,5.0
8,67,4.0
9,67,3.0
10,67,2.0
11,67,4.0
12,67,3.0
13,67,1.0
14,67,4.0
15,67,3.0
16,67,2.0
17,67,4.0
18,67,5.0
19,67,1.0
20,67,4.0
1,68,5.0
2,68,3.0
3,68,2.0
4,68,5.0
5,68,3.0
6,68,2.0
7,68,5.0
8,68,3.0
9,68,2.0
10,68,5.0
11,68,3.0
12,68,2.0
13,68,5.0
14,68,3.0
15,68,2.0
16,68,5.0
17,68,3.0
18,68,5.0
19,68,5.0
20,68,3.0
1,69,5.0
2,69,5.0
3,69,4.0
4,69,3.0
5,69,5.0
6,69,4.0
7,69,5.0
8,69,5.0
9,69,4.0
10,69,3.0
11,69,5.0
12,69,4.0
13,69,5.0
14,69,5.0
15,69,4.0
16,69,3.0
17,69,5.0
18,69,4.0
19,69,5.0
20,69,5.0
1,70,4.0
2,70,5.0
3,70,5.0
4,70,4.0
5,70,5.0
6,70,5.0
7,70,4.0
8,70,5.0
9,70,5.0
10,70,4.0
11,70,5.0
12,70,5.0
13,70,4.0
14,70,5.0
15,70,5.0
16,70,4.0
17,70,5.0
18,70,4.0
19,70,4.0
20,70,5.0
1,71,4.0
2,71,3.0
3,71,4.0
4,71,4.0
5,71,3.0
6,71,4.0
7,71,4.0
8,71,3.0
9,71,4.0
10,71,4.0
11,71,3.0
12,71,4.0
13,71,4.0
14,71,3.0
15,71,4.0
16,71,4.0
17,71,3.0
18,71,1.0
19,71,4.0
20,71,3.0
1,72,3.0
2,72,2.0
3,72,4.0
4,72,4.0
5,72,2.0
6,72,4.0
7,72,3.0
8,72,2.0
9,72,4.0
10,72,4.0
11,72,2.0
12,72,4.0
13,72,3.0
14,72,2.0
15,72,4.0
16,72,4.0
17,72,2.0
18,72,2.0
19,72,3.0
20,72,2.0
1,73,3.0
2,73,5.0
3,73,4.0
4,73,3.0
5,73,5.0
6,73,4.0
7,73,3.0
8,73,5.0
9,73,4.0
10,73,3.0
11,73,5.0
12,73,4.0
13,73,3.0
14,73,5.0
15,73,4.0
16,73,3.0
17,73,5.0
18,73,4.0
19,73,3.0
20,73,5.0
1,74,4.0
2,74,4.0
3,74,2.0
4,74,4.0
5,74,4.0
6,74,2.0
7,74,4.0
8,74,4.0
9,74,2.0
10,74,4.0
11,74,4.0
12,74,2.0
13,74,4.0
14,74,4.0
15,74,2.0
16,74,4.0
17,74,4.0
18,74,3.0
19,74,4.0
20,74,4.0
1,75,4.0
2,75,3.0
3,75,3.0
4,75,3.0
5,75,3.0
6,75,3.0
7,75,3.0
8,75,3.0
9,75,3.0
10,75,3.0
11,75,3.0
12,75,3.0
13,75,4.0
14,75,3.0
15,75,3.0
16,75,3.0
17,75,3.0
18,75,2.0
19,75,4.0
20,75,3.0
1,76,4.0
2,76,5.0
3,76,4.0
4,76,3.0
5,76,5.0
6,76,4.0
7,76,4.0
8,76,5.0
9,76,4.0
10,76,3.0
11,76,5.0
12,76,4.0
13,76,4.0
14,76,5.0
15,76,4.0
16,76,3.0
17,76,5.0
18,76,4.0
19,76,4.0
20,76,5.0
1,77,3.0
2,77,3.0
3,77,2.0
4,77,3.0
5,77,3.0
6,77,2.0
7,77,3.0
8,77,3.0
9,77,2.0
10,77,3.0
11,77,3.0
12,77,2.0
13,77,3.0
14,77,3.0
15,77,2.0
16,77,3.0
17,77,3.0
18,77,5.0
19,77,3.0
20,77,3.0
1,78,4.0
2,78,4.0
3,78,3.0
4,78,4.0
5,78,4.0
6,78,3.0
7,78,4.0
8,78,4.0
9,78,3.0
10,78,4.0
11,78,4.0
12,78,3.0
13,78,4.0
14,78,4.0
15,78,3.0
16,78,4.0
17,78,4.0
18,78,4.0
19,78,4.0
20,78,4.0
1,79,4.0
2,79,5.0
3,79,3.0
4,79,5.0
5,79,5.0
6,79,3.0
7,79,4.0
8,79,5.0
9,79,3.0
10,79,5.0
11,79,5.0
12,79,3.0
13,79,4.0
14,79,5.0
15,79,3.0
16,79,5.0
17,79,5.0
18,79,3.0
19,79,4.0
20,79,5.0
1,80,5.0
2,80,3.0
3,80,2.0
4,80,5.0
5,80,3.0
6,80,2.0
7,80,5.0
8,80,3.0
9,80,2.0
10,80,5.0
11,80,3.0
12,80,2.0
13,80,5.0
14,80,3.0
15,80,2.0
16,80,5.0
17,80,3.0
18,80,3.0
19,80,5.0
20,80,3.0
1,81,4.0
2,81,4.0
3,81,4.0
4,81,5.0
5,81,4.0
6,81,3.0
7,81,4.0
8,81,4.0
9,81,4.0
10,81,5.0
11,81,4.0
12,81,3.0
13,81,4.0
14,81,4.0
15,81,4.0
16,81,5.0
17,81,4.0
18,81,4.0
19,81,4.0
20,81,4.0
1,82,4.0
2,82,4.0
3,82,3.0
4,82,4.0
5,82,4.0
6,82,3.0
7,82,4.0
8,82,4.0
9,82,3.0
10,82,4.0
11,82,4.0
12,82,3.0
13,82,4.0
14,82,4.0
15,82,3.0
16,82,4.0
17,82,4.0
18,82,2.0
19,82,4.0
20,82,4.0
1,83,3.0
2,83,5.0
3,83,2.0
4,83,4.0
5,83,5.0
6,83,2.0
7,83,2.0
8,83,5.0
9,83,2.0
10,83,4.0
11,83,5.0
12,83,2.0
13,83,3.0
14,83,5.0
15,83,2.0
16,83,4.0
17,83,5.0
18,83,4.0
19,83,3.0
20,83,5.0
1,84,4.0
2,84,1.0
3,84,1.0
4,84,2.0
5,84,3.0
6,84,1.0
7,84,4.0
8,84,1.0
9,84,1.0
10,84,2.0
11,84,3.0
12,84,1.0
13,84,4.0
14,84,1.0
15,84,1.0
16,84,2.0
17,84,3.0
18,84,3.0
19,84,4.0
20,84,1.0
1,85,5.0
2,85,5.0
3,85,4.0
4,85,4.0
5,85,5.0
6,85,4.0
7,85,5.0
8,85,5.0
9,85,4.0
10,85,4.0
11,85,5.0
12,85,4.0
13,85,5.0
14,85,5.0
15,85,4.0
16,85,4.0
17,85,5.0
18,85,5.0
19,85,5.0
20,85,5.0
1,86,4.0
2,86,5.0
3,86,4.0
4,86,3.0
5,86,5.0
6,86,4.0
7,86,4.0
8,86,5.0
9,86,4.0
10,86,3.0
11,86,5.0
12,86,4.0
13,86,4.0
14,86,5.0
15,86,4.0
16,86,3.0
17,86,5.0
18,86,4.0
19,86,4.0
20,86,5.0
1,87,5.0
2,87,4.0
3,87,5.0
4,87,5.0
5,87,4.0
6,87,5.0
7,87,5.0
8,87,4.0
9,87,5.0
10,87,5.0
11,87,4.0
12,87,5.0
13,87,5.0
14,87,4.0
15,87,5.0
16,87,5.0
17,87,4.0
18,87,3.0
19,87,5.0
20,87,4.0
1,88,1.0
2,88,3.0
3,88,2.0
4,88,1.0
5,88,3.0
6,88,2.0
7,88,1.0
8,88,3.0
9,88,2.0
10,88,1.0
11,88,3.0
12,88,2.0
13,88,1.0
14,88,3.0
15,88,2.0
16,88,1.0
17,88,3.0
18,88,4.0
19,88,1.0
20,88,3.0
1,89,4.0
2,89,5.0
3,89,3.0
4,89,4.0
5,89,5.0
6,89,3.0
7,89,4.0
8,89,5.0
9,89,3.0
10,89,4.0
11,89,5.0
12,89,3.0
13,89,4.0
14,89,5.0
15,89,3.0
16,89,4.0
17,89,5.0
18,89,5.0
19,89,4.0
20,89,5.0
1,90,5.0
2,90,4.0
3,90,4.0
4,90,5.0
5,90,4.0
6,90,4.0
7,90,5.0
8,90,4.0
9,90,4.0
10,90,5.0
11,90,4.0
12,90,4.0
13,90,5.0
14,90,4.0
15,90,4.0
16,90,5.0
17,90,4.0
18,90,3.0
19,90,5.0
20,90,4.0
1,91,3.0
2,91,4.0
3,91,4.0
4,91,3.0
5,91,4.0
6,91,4.0
7,91,3.0
8,91,4.0
9,91,4.0
10,91,3.0
11,91,4.0
12,91,4.0
13,91,3.0
14,91,4.0
15,91,4.0
16,91,3.0
17,91,4.0
18,91,2.0
19,91,3.0
20,91,4.0
1,92,5.0
2,92,3.0
3,92,5.0
4,92,5.0
5,92,3.0
6,92,5.0
7,92,5.0
8,92,3.0
9,92,5.0
10,92,5.0
11,92,3.0
12,92,5.0
13,92,5.0
14,92,3.0
15,92,5.0
16,92,5.0
17,92,3.0
18,92,1.0
19,92,5.0
20,92,3.0
1,93,4.0
2,93,5.0
3,93,5.0
4,93,3.0
5,93,5.0
6,93,5.0
7,93,4.0
8,93,5.0
9,93,5.0
10,93,3.0
11,93,5.0
12,93,5.0
13,93,4.0
14,93,5.0
15,93,5.0
16,93,3.0
17,93,5.0
18,93,4.0
19,93,4.0
20,93,5.0
1,94,4.0
2,94,4.0
3,94,3.0
4,94,4.0
5,94,4.0
6,94,3.0
7,94,5.0
8,94,4.0
9,94,3.0
10,94,4.0
11,94,4.0
12,94,3.0
13,94,4.0
14,94,4.0
15,94,3.0
16,94,4.0
17,94,4.0
18,94,5.0
19,94,4.0
20,94,4.0
1,95,2.0
2,95,5.0
3,95,4.0
4,95,2.0
5,95,5.0
6,95,4.0
7,95,2.0
8,95,5.0
9,95,4.0
10,95,2.0
11,95,5.0
12,95,4.0
13,95,2.0
14,95,5.0
15,95,4.0
16,95,2.0
17,95,5.0
18,95,4.0
19,95,2.0
20,95,5.0
1,96,3.0
2,96,2.0
3,96,4.0
4,96,3.0
5,96,2.0
6,96,4.0
7,96,3.0
8,96,2.0
9,96,4.0
10,96,3.0
11,96,2.0
12,96,4.0
13,96,3.0
14,96,2.0
15,96,4.0
16,96,3.0
17,96,2.0
18,96,3.0
19,96,3.0
20,96,2.0
1,97,4.0
2,97,4.0
3,97,3.0
4,97,2.0
5,97,4.0
6,97,3.0
7,97,4.0
8,97,4.0
9,97,3.0
10,97,2.0
11,97,4.0
12,97,3.0
13,97,4.0
14,97,4.0
15,97,3.0
16,97,2.0
17,97,4.0
18,97,2.0
19,97,4.0
20,97,4.0
1,98,5.0
2,98,5.0
3,98,4.0
4,98,5.0
5,98,5.0
6,98,4.0
7,98,5.0
8,98,5.0
9,98,4.0
10,98,5.0
11,98,5.0
12,98,4.0
13,98,5.0
14,98,5.0
15,98,4.0
16,98,5.0
17,98,5.0
18,98,4.0
19,98,5.0
20,98,5.0
1,99,2.0
2,99,3.0
3,99,4.0
4,99,4.0
5,99,3.0
6,99,4.0
7,99,2.0
8,99,3.0
9,99,4.0
10,99,4.0
11,99,3.0
12,99,4.0
13,99,2.0
14,99,3.0
15,99,4.0
16,99,4.0
17,99,3.0
18,99,3.0
19,99,2.0
20,99,3.0
1,100,5.0
2,100,4.0
3,100,3.0
4,100,5.0
5,100,4.0
6,100,3.0
7,100,5.0
8,100,4.0
9,100,3.0
10,100,5.0
11,100,4.0
12,100,3.0
13,100,5.0
14,100,4.0
15,100,3.0
16,100,5.0
17,100,4.0
18,100,2.0
19,100,5.0
20,100,4.0
1,101,3.0
2,101,2.0
3,101,4.0
4,101,3.0
5,101,2.0
6,101,4.0
7,101,3.0
8,101,2.0
9,101,4.0
10,101,3.0
11,101,2.0
12,101,4.0
13,101,3.0
14,101,2.0
15,101,4.0
16,101,3.0
17,101,2.0
18,101,4.0
19,101,3.0
20,101,2.0
1,102,4.0
2,102,4.0
3,102,5.0
4,102,4.0
5,102,4.0
6,102,5.0
7,102,4.0
8,102,4.0
9,102,5.0
10,102,4.0
11,102,4.0
12,102,5.0
13,102,4.0
14,102,4.0
15,102,5.0
16,102,4.0
17,102,4.0
18,102,5.0
19,102,4.0
20,102,4.0
1,103,2.0
2,103,4.0
3,103,4.0
4,103,3.0
5,103,3.0
6,103,4.0
7,103,2.0
8,103,4.0
9,103,4.0
10,103,3.0
11,103,3.0
12,103,4.0
13,103,2.0
14,103,4.0
15,103,4.0
16,103,3.0
17,103,3.0
18,103,3.0
19,103,2.0
20,103,4.0
1,104,2.0
2,104,3.0
3,104,4.0
4,104,2.0
5,104,3.0
6,104,4.0
7,104,2.0
8,104,3.0
9,104,4.0
10,104,2.0
11,104,3.0
12,104,4.0
13,104,2.0
14,104,3.0
15,104,4.0
16,104,2.0
17,104,3.0
18,104,4.0
19,104,2.0
20,104,3.0
1,105,5.0
2,105,5.0
3,105,4.0
4,105,4.0
5,105,5.0
6,105,4.0
7,105,5.0
8,105,5.0
9,105,4.0
10,105,4.0
11,105,5.0
12,105,4.0
13,105,5.0
14,105,5.0
15,105,4.0
16,105,4.0
17,105,5.0
18,105,2.0
19,105,5.0
20,105,5.0
1,106,3.0
2,106,3.0
3,106,2.0
4,106,3.0
5,106,3.0
6,106,2.0
7,106,3.0
8,106,3.0
9,106,2.0
10,106,3.0
11,106,3.0
12,106,2.0
13,106,3.0
14,106,3.0
15,106,2.0
16,106,3.0
17,106,3.0
18,106,1.0
19,106,3.0
20,106,3.0
1,107,3.0
2,107,4.0
3,107,3.0
4,107,3.0
5,107,4.0
6,107,3.0
7,107,3.0
8,107,4.0
9,107,3.0
10,107,3.0
11,107,4.0
12,107,3.0
13,107,3.0
14,107,4.0
15,107,3.0
16,107,3.0
17,107,4.0
18,107,3.0
19,107,3.0
20,107,4.0
1,108,2.0
2,108,2.0
3,108,1.0
4,108,2.0
5,108,2.0
6,108,1.0
7,108,2.0
8,108,2.0
9,108,1.0
10,108,2.0
11,108,2.0
12,108,1.0
13,108,2.0
14,108,2.0
15,108,1.0
16,108,2.0
17,108,2.0
18,108,4.0
19,108,2.0
20,108,2.0
1,109,5.0
2,109,5.0
3,109,4.0
4,109,5.0
5,109,5.0
6,109,4.0
7,109,5.0
8,109,5.0
9,109,4.0
10,109,5.0
11,109,5.0
12,109,4.0
13,109,5.0
14,109,5.0
15,109,4.0
16,109,5.0
17,109,5.0
18,109,3.0
19,109,5.0
20,109,5.0
1,110,3.0
2,110,2.0
3,110,1.0
4,110,3.0
5,110,2.0
6,110,1.0
7,110,3.0
8,110,2.0
9,110,1.0
10,110,3.0
11,110,2.0
12,110,1.0
13,110,3.0
14,110,2.0
15,110,1.0
16,110,3.0
17,110,2.0
18,110,1.0
19,110,3.0
20,110,2.0
1,111,3.0
2,111,3.0
3,111,2.0
4,111,2.0
5,111,1.0
6,111,2.0
7,111,5.0
8,111,3.0
9,111,2.0
10,111,2.0
11,111,1.0
12,111,2.0
13,111,3.0
14,111,3.0
15,111,2.0
16,111,2.0
17,111,1.0
18,111,1.0
19,111,3.0
20,111,3.0
1,112,5.0
2,112,5.0
3,112,4.0
4,112,5.0
5,112,5.0
6,112,4.0
7,112,5.0
8,112,5.0
9,112,4.0
10,112,5.0
11,112,5.0
12,112,4.0
13,112,5.0
14,112,5.0
15,112,4.0
16,112,5.0
17,112,5.0
18,112,4.0
19,112,5.0
20,112,5.0
1,113,4.0
2,113,5.0
3,113,4.0
4,113,4.0
5,113,5.0
6,113,4.0
7,113,4.0
8,113,5.0
9,113,4.0
10,113,4.0
11,113,5.0
12,113,4.0
13,113,4.0
14,113,5.0
15,113,4.0
16,113,4.0
17,113,5.0
18,113,2.0
19,113,4.0
20,113,5.0
1,114,3.0
2,114,3.0
3,114,2.0
4,114,2.0
5,114,1.0
6,114,2.0
7,114,3.0
8,114,3.0
9,114,2.0
10,114,2.0
11,114,1.0
12,114,2.0
13,114,3.0
14,114,3.0
15,114,2.0
16,114,2.0
17,114,1.0
18,114,3.0
19,114,3.0
20,114,3.0
1,115,4.0
2,115,4.0
3,115,3.0
4,115,4.0
5,115,4.0
6,115,1.0
7,115,4.0
8,115,4.0
9,115,3.0
10,115,4.0
11,115,4.0
12,115,1.0
13,115,4.0
14,115,4.0
15,115,3.0
16,115,4.0
17,115,4.0
18,115,2.0
19,115,4.0
20,115,4.0
1,116,2.0
2,116,3.0
3,116,2.0
4,116,2.0
5,116,1.0
6,116,2.0
7,116,2.0
8,116,3.0
9,116,2.0
10,116,2.0
11,116,1.0
12,116,2.0
13,116,2.0
14,116,3.0
15,116,2.0
16,116,2.0
17,116,1.0
18,116,4.0
19,116,2.0
20,116,3.0
1,117,5.0
2,117,4.0
3,117,4.0
4,117,4.0
5,117,3.0
6,117,4.0
7,117,5.0
8,117,4.0
9,117,4.0
10,117,4.0
11,117,3.0
12,117,4.0
13,117,5.0
14,117,4.0
15,117,4.0
16,117,4.0
17,117,3.0
18,117,3.0
19,117,5.0
20,117,4.0
1,118,2.0
2,118,2.0
3,118,3.0
4,118,3.0
5,118,2.0
6,118,3.0
7,118,2.0
8,118,2.0
9,118,3.0
10,118,3.0
11,118,2.0
12,118,3.0
13,118,2.0
14,118,2.0
15,118,3.0
16,118,3.0
17,118,2.0
18,118,1.0
19,118,2.0
20,118,2.0
1,119,2.0
2,119,1.0
3,119,1.0
4,119,2.0
5,119,2.0
6,119,1.0
7,119,2.0
8,119,1.0
9,119,1.0
10,119,2.0
11,119,2.0
12,119,1.0
13,119,2.0
14,119,1.0
15,119,1.0
16,119,2.0
17,119,2.0
18,119,2.0
19,119,2.0
20,119,1.0
1,120,3.0
2,120,2.0
3,120,2.0
4,120,3.0
5,120,2.0
6,120,2.0
7,120,3.0
8,120,2.0
9,120,2.0
10,120,3.0
11,120,2.0
12,120,2.0
13,120,3.0
14,120,2.0
15,120,2.0
16,120,3.0
17,120,2.0
18,120,1.0
19,120,3.0
20,120,2.0
1,121,4.0
2,121,3.0
3,121,3.0
4,121,4.0
5,121,3.0
6,121,3.0
7,121,4.0
8,121,3.0
9,121,3.0
10,121,4.0
11,121,4.0
12,121,3.0
13,121,3.0
14,121,4.0
15,121,3.0
16,121,3.0
17,121,4.0
18,121,3.0
19,121,3.0
20,121,4.0
1,122,3.0
2,122,4.0
3,122,4.0
4,122,2.0
5,122,4.0
6,122,4.0
7,122,3.0
8,122,4.0
9,122,4.0
10,122,2.0
11,122,3.0
12,122,4.0
13,122,4.0
14,122,2.0
15,122,4.0
16,122,4.0
17,122,3.0
18,122,4.0
19,122,4.0
20,122,2.0
1,123,5.0
2,123,4.0
3,123,3.0
4,123,4.0
5,123,4.0
6,123,3.0
7,123,5.0
8,123,4.0
9,123,3.0
10,123,4.0
11,123,5.0
12,123,4.0
13,123,3.0
14,123,4.0
15,123,4.0
16,123,3.0
17,123,5.0
18,123,4.0
19,123,3.0
20,123,4.0
1,124,5.0
2,124,5.0
3,124,4.0
4,124,3.0
5,124,5.0
6,124,4.0
7,124,5.0
8,124,5.0
9,124,4.0
10,124,5.0
11,124,5.0
12,124,5.0
13,124,4.0
14,124,3.0
15,124,5.0
16,124,4.0
17,124,5.0
18,124,5.0
19,124,4.0
20,124,5.0
1,125,3.0
2,125,4.0
3,125,3.0
4,125,4.0
5,125,4.0
6,125,3.0
7,125,3.0
8,125,4.0
9,125,3.0
10,125,4.0
11,125,3.0
12,125,4.0
13,125,3.0
14,125,4.0
15,125,4.0
16,125,3.0
17,125,3.0
18,125,4.0
19,125,3.0
20,125,4.0
1,126,4.0
2,126,4.0
3,126,2.0
4,126,4.0
5,126,4.0
6,126,2.0
7,126,4.0
8,126,4.0
9,126,2.0
10,126,4.0
11,126,4.0
12,126,4.0
13,126,2.0
14,126,4.0
15,126,4.0
16,126,2.0
17,126,4.0
18,126,4.0
19,126,2.0
20,126,4.0
1,127,2.0
2,127,4.0
3,127,3.0
4,127,5.0
5,127,4.0
6,127,3.0
7,127,2.0
8,127,4.0
9,127,3.0
10,127,1.0
11,127,2.0
12,127,4.0
13,127,3.0
14,127,5.0
15,127,4.0
16,127,3.0
17,127,2.0
18,127,4.0
19,127,3.0
20,127,1.0
1,128,5.0
2,128,3.0
3,128,2.0
4,128,5.0
5,128,3.0
6,128,2.0
7,128,5.0
8,128,3.0
9,128,2.0
10,128,5.0
11,128,5.0
12,128,3.0
13,128,2.0
14,128,5.0
15,128,3.0
16,128,2.0
17,128,5.0
18,128,3.0
19,128,2.0
20,128,5.0
1,129,3.0
2,129,5.0
3,129,4.0
4,129,5.0
5,129,5.0
6,129,4.0
7,129,3.0
8,129,5.0
9,129,4.0
10,129,5.0
11,129,3.0
12,129,5.0
13,129,4.0
14,129,5.0
15,129,5.0
16,129,4.0
17,129,3.0
18,129,5.0
19,129,4.0
20,129,5.0
1,130,4.0
2,130,5.0
3,130,5.0
4,130,4.0
5,130,5.0
6,130,5.0
7,130,4.0
8,130,5.0
9,130,5.0
10,130,4.0
11,130,4.0
12,130,5.0
13,130,5.0
14,130,4.0
15,130,5.0
16,130,5.0
17,130,4.0
18,130,5.0
19,130,5.0
20,130,4.0
1,131,4.0
2,131,3.0
3,131,4.0
4,131,4.0
5,131,3.0
6,131,4.0
7,131,4.0
8,131,3.0
9,131,4.0
10,131,4.0
11,131,4.0
12,131,3.0
13,131,4.0
14,131,4.0
15,131,3.0
16,131,4.0
17,131,4.0
18,131,3.0
19,131,4.0
20,131,4.0
1,132,4.0
2,132,2.0
3,132,4.0
4,132,3.0
5,132,2.0
6,132,4.0
7,132,4.0
8,132,2.0
9,132,4.0
10,132,3.0
11,132,4.0
12,132,2.0
13,132,4.0
14,132,3.0
15,132,2.0
16,132,4.0
17,132,4.0
18,132,2.0
19,132,4.0
20,132,3.0
1,133,3.0
2,133,5.0
3,133,4.0
4,133,3.0
5,133,5.0
6,133,4.0
7,133,3.0
8,133,5.0
9,133,4.0
10,133,3.0
11,133,3.0
12,133,5.0
13,133,4.0
14,133,3.0
15,133,5.0
16,133,4.0
17,133,3.0
18,133,5.0
19,133,4.0
20,133,3.0
1,134,4.0
2,134,4.0
3,134,2.0
4,134,4.0
5,134,4.0
6,134,2.0
7,134,4.0
8,134,4.0
9,134,2.0
10,134,4.0
11,134,4.0
12,134,4.0
13,134,2.0
14,134,4.0
15,134,4.0
16,134,2.0
17,134,4.0
18,134,4.0
19,134,2.0
20,134,4.0
1,135,3.0
2,135,3.0
3,135,3.0
4,135,3.0
5,135,3.0
6,135,3.0
7,135,3.0
8,135,3.0
9,135,3.0
10,135,4.0
11,135,3.0
12,135,3.0
13,135,3.0
14,135,3.0
15,135,3.0
16,135,3.0
17,135,3.0
18,135,3.0
19,135,3.0
20,135,4.0
1,136,3.0
2,136,5.0
3,136,4.0
4,136,4.0
5,136,5.0
6,136,4.0
7,136,3.0
8,136,5.0
9,136,4.0
10,136,4.0
11,136,3.0
12,136,5.0
13,136,4.0
14,136,4.0
15,136,5.0
16,136,4.0
17,136,3.0
18,136,5.0
19,136,4.0
20,136,4.0
1,137,3.0
2,137,3.0
3,137,2.0
4,137,3.0
5,137,3.0
6,137,2.0
7,137,3.0
8,137,3.0
9,137,2.0
10,137,3.0
11,137,3.0
12,137,3.0
13,137,2.0
14,137,3.0
15,137,3.0
16,137,2.0
17,137,3.0
18,137,3.0
19,137,2.0
20,137,3.0
1,138,4.0
2,138,4.0
3,138,3.0
4,138,4.0
5,138,4.0
6,138,3.0
7,138,4.0
8,138,4.0
9,138,3.0
10,138,4.0
11,138,4.0
12,138,4.0
13,138,3.0
14,138,4.0
15,138,4.0
16,138,3.0
17,138,4.0
18,138,4.0
19,138,3.0
20,138,4.0
1,139,5.0
2,139,5.0
3,139,3.0
4,139,4.0
5,139,5.0
6,139,3.0
7,139,5.0
8,139,5.0
9,139,3.0
10,139,4.0
11,139,5.0
12,139,5.0
13,139,3.0
14,139,4.0
15,139,5.0
16,139,3.0
17,139,5.0
18,139,5.0
19,139,3.0
20,139,4.0
1,140,5.0
2,140,3.0
3,140,2.0
4,140,5.0
5,140,3.0
6,140,2.0
7,140,5.0
8,140,3.0
9,140,2.0
10,140,5.0
11,140,5.0
12,140,3.0
13,140,2.0
14,140,5.0
15,140,3.0
16,140,2.0
17,140,5.0
18,140,3.0
19,140,2.0
20,140,5.0
1,141,5.0
2,141,4.0
3,141,3.0
4,141,4.0
5,141,4.0
6,141,4.0
7,141,5.0
8,141,4.0
9,141,3.0
10,141,4.0
11,141,5.0
12,141,4.0
13,141,3.0
14,141,4.0
15,141,4.0
16,141,4.0
17,141,5.0
18,141,4.0
19,141,3.0
20,141,4.0
1,142,4.0
2,142,4.0
3,142,3.0
4,142,4.0
5,142,4.0
6,142,3.0
7,142,4.0
8,142,4.0
9,142,3.0
10,142,4.0
11,142,4.0
12,142,4.0
13,142,3.0
14,142,4.0
15,142,4.0
16,142,3.0
17,142,4.0
18,142,4.0
19,142,3.0
20,142,4.0
1,143,4.0
2,143,5.0
3,143,2.0
4,143,2.0
5,143,5.0
6,143,2.0
7,143,4.0
8,143,5.0
9,143,2.0
10,143,3.0
11,143,4.0
12,143,5.0
13,143,2.0
14,143,2.0
15,143,5.0
16,143,2.0
17,143,4.0
18,143,5.0
19,143,2.0
20,143,3.0
1,144,2.0
2,144,3.0
3,144,1.0
4,144,4.0
5,144,1.0
6,144,1.0
7,144,2.0
8,144,3.0
9,144,1.0
10,144,4.0
11,144,2.0
12,144,3.0
13,144,1.0
14,144,4.0
15,144,1.0
16,144,1.0
17,144,2.0
18,144,3.0
19,144,1.0
20,144,4.0
1,145,4.0
2,145,5.0
3,145,4.0
4,145,5.0
5,145,5.0
6,145,4.0
7,145,4.0
8,145,5.0
9,145,4.0
10,145,5.0
11,145,4.0
12,145,5.0
13,145,4.0
14,145,5.0
15,145,5.0
16,145,4.0
17,145,4.0
18,145,5.0
19,145,4.0
20,145,5.0
1,146,3.0
2,146,5.0
3,146,4.0
4,146,4.0
5,146,5.0
6,146,4.0
7,146,3.0
8,146,5.0
9,146,4.0
10,146,4.0
11,146,3.0
12,146,5.0
13,146,4.0
14,146,4.0
15,146,5.0
16,146,4.0
17,146,3.0
18,146,5.0
19,146,4.0
20,146,4.0
1,147,5.0
2,147,4.0
3,147,5.0
4,147,5.0
5,147,4.0
6,147,5.0
7,147,5.0
8,147,4.0
9,147,5.0
10,147,5.0
11,147,5.0
12,147,4.0
13,147,5.0
14,147,5.0
15,147,4.0
16,147,5.0
17,147,5.0
18,147,4.0
19,147,5.0
20,147,5.0
1,148,1.0
2,148,3.0
3,148,2.0
4,148,1.0
5,148,3.0
6,148,2.0
7,148,1.0
8,148,3.0
9,148,2.0
10,148,1.0
11,148,1.0
12,148,3.0
13,148,2.0
14,148,1.0
15,148,3.0
16,148,2.0
17,148,1.0
18,148,3.0
19,148,2.0
20,148,1.0
1,149,4.0
2,149,5.0
3,149,3.0
4,149,4.0
5,149,5.0
6,149,3.0
7,149,4.0
8,149,5.0
9,149,3.0
10,149,4.0
11,149,4.0
12,149,5.0
13,149,3.0
14,149,4.0
15,149,5.0
16,149,3.0
17,149,4.0
18,149,5.0
19,149,3.0
20,149,4.0
1,150,5.0
2,150,4.0
3,150,4.0
4,150,5.0
5,150,4.0
6,150,4.0
7,150,5.0
8,150,4.0
9,150,4.0
10,150,5.0
11,150,5.0
12,150,4.0
13,150,4.0
14,150,5.0
15,150,4.0
16,150,4.0
17,150,5.0
18,150,4.0
19,150,4.0
20,150,5.0
1,151,3.0
2,151,4.0
3,151,4.0
4,151,3.0
5,151,4.0
6,151,4.0
7,151,3.0
8,151,4.0
9,151,4.0
10,151,3.0
11,151,3.0
12,151,4.0
13,151,4.0
14,151,3.0
15,151,4.0
16,151,4.0
17,151,3.0
18,151,4.0
19,151,4.0
20,151,3.0
1,152,5.0
2,152,3.0
3,152,5.0
4,152,5.0
5,152,3.0
6,152,5.0
7,152,5.0
8,152,3.0
9,152,5.0
10,152,5.0
11,152,5.0
12,152,3.0
13,152,5.0
14,152,5.0
15,152,3.0
16,152,5.0
17,152,5.0
18,152,3.0
19,152,5.0
20,152,5.0
1,153,3.0
2,153,5.0
3,153,5.0
4,153,4.0
5,153,5.0
6,153,5.0
7,153,3.0
8,153,5.0
9,153,5.0
10,153,4.0
11,153,3.0
12,153,5.0
13,153,5.0
14,153,4.0
15,153,5.0
16,153,5.0
17,153,3.0
18,153,5.0
19,153,5.0
20,153,4.0
1,154,4.0
2,154,4.0
3,154,3.0
4,154,5.0
5,154,4.0
6,154,3.0
7,154,4.0
8,154,4.0
9,154,3.0
10,154,4.0
11,154,4.0
12,154,4.0
13,154,3.0
14,154,5.0
15,154,4.0
16,154,3.0
17,154,4.0
18,154,4.0
19,154,3.0
20,154,4.0
1,155,2.0
2,155,5.0
3,155,4.0
4,155,2.0
5,155,5.0
6,155,4.0
7,155,2.0
8,155,5.0
9,155,4.0
10,155,2.0
11,155,2.0
12,155,5.0
13,155,4.0
14,155,2.0
15,155,5.0
16,155,4.0
17,155,2.0
18,155,5.0
19,155,4.0
20,155,2.0
1,156,3.0
2,156,2.0
3,156,4.0
4,156,3.0
5,156,2.0
6,156,4.0
7,156,3.0
8,156,2.0
9,156,4.0
10,156,3.0
11,156,3.0
12,156,2.0
13,156,4.0
14,156,3.0
15,156,2.0
16,156,4.0
17,156,3.0
18,156,2.0
19,156,4.0
20,156,3.0
1,157,2.0
2,157,4.0
3,157,3.0
4,157,4.0
5,157,4.0
6,157,3.0
7,157,2.0
8,157,4.0
9,157,3.0
10,157,4.0
11,157,2.0
12,157,4.0
13,157,3.0
14,157,4.0
15,157,4.0
16,157,3.0
17,157,2.0
18,157,4.0
19,157,3.0
20,157,4.0
1,158,5.0
2,158,5.0
3,158,4.0
4,158,5.0
5,158,5.0
6,158,4.0
7,158,5.0
8,158,5.0
9,158,4.0
10,158,5.0
11,158,5.0
12,158,5.0
13,158,4.0
14,158,5.0
15,158,5.0
16,158,4.0
17,158,5.0
18,158,5.0
19,158,4.0
20,158,5.0
1,159,4.0
2,159,3.0
3,159,4.0
4,159,2.0
5,159,3.0
6,159,4.0
7,159,4.0
8,159,3.0
9,159,4.0
10,159,2.0
11,159,4.0
12,159,3.0
13,159,4.0
14,159,2.0
15,159,3.0
16,159,4.0
17,159,4.0
18,159,3.0
19,159,4.0
20,159,2.0
1,160,5.0
2,160,4.0
3,160,3.0
4,160,5.0
5,160,4.0
6,160,3.0
7,160,5.0
8,160,4.0
9,160,3.0
10,160,5.0
11,160,5.0
12,160,4.0
13,160,3.0
14,160,5.0
15,160,4.0
16,160,3.0
17,160,5.0
18,160,4.0
19,160,3.0
20,160,5.0
1,161,3.0
2,161,2.0
3,161,4.0
4,161,3.0
5,161,2.0
6,161,4.0
7,161,3.0
8,161,2.0
9,161,4.0
10,161,3.0
11,161,3.0
12,161,2.0
13,161,4.0
14,161,3.0
15,161,2.0
16,161,4.0
17,161,3.0
18,161,2.0
19,161,4.0
20,161,3.0
1,162,4.0
2,162,4.0
3,162,5.0
4,162,4.0
5,162,4.0
6,162,5.0
7,162,4.0
8,162,4.0
9,162,5.0
10,162,4.0
11,162,4.0
12,162,4.0
13,162,5.0
14,162,4.0
15,162,4.0
16,162,5.0
17,162,4.0
18,162,4.0
19,162,5.0
20,162,4.0
1,163,3.0
2,163,3.0
3,163,4.0
4,163,2.0
5,163,4.0
6,163,4.0
7,163,3.0
8,163,3.0
9,163,4.0
10,163,2.0
11,163,3.0
12,163,3.0
13,163,4.0
14,163,2.0
15,163,4.0
16,163,4.0
17,163,3.0
18,163,3.0
19,163,4.0
20,163,2.0
1,164,2.0
2,164,3.0
3,164,4.0
4,164,2.0
5,164,3.0
6,164,4.0
7,164,2.0
8,164,3.0
9,164,4.0
10,164,2.0
11,164,2.0
12,164,3.0
13,164,4.0
14,164,2.0
15,164,3.0
16,164,4.0
17,164,2.0
18,164,3.0
19,164,4.0
20,164,2.0
1,165,4.0
2,165,5.0
3,165,4.0
4,165,5.0
5,165,5.0
6,165,4.0
7,165,4.0
8,165,5.0
9,165,4.0
10,165,5.0
11,165,4.0
12,165,5.0
13,165,4.0
14,165,5.0
15,165,5.0
16,165,4.0
17,165,4.0
18,165,5.0
19,165,4.0
20,165,5.0
1,166,3.0
2,166,3.0
3,166,2.0
4,166,3.0
5,166,3.0
6,166,2.0
7,166,3.0
8,166,3.0
9,166,2.0
10,166,3.0
11,166,3.0
12,166,3.0
13,166,2.0
14,166,3.0
15,166,3.0
16,166,2.0
17,166,3.0
18,166,3.0
19,166,2.0
20,166,3.0
1,167,3.0
2,167,4.0
3,167,3.0
4,167,3.0
5,167,4.0
6,167,3.0
7,167,3.0
8,167,4.0
9,167,3.0
10,167,3.0
11,167,3.0
12,167,4.0
13,167,3.0
14,167,3.0
15,167,4.0
16,167,3.0
17,167,3.0
18,167,4.0
19,167,3.0
20,167,3.0
1,168,2.0
2,168,2.0
3,168,1.0
4,168,2.0
5,168,2.0
6,168,1.0
7,168,2.0
8,168,2.0
9,168,1.0
10,168,2.0
11,168,2.0
12,168,2.0
13,168,1.0
14,168,2.0
15,168,2.0
16,168,1.0
17,168,2.0
18,168,2.0
19,168,1.0
20,168,2.0
1,169,5.0
2,169,5.0
3,169,4.0
4,169,5.0
5,169,5.0
6,169,4.0
7,169,5.0
8,169,5.0
9,169,4.0
10,169,5.0
11,169,5.0
12,169,5.0
13,169,4.0
14,169,5.0
15,169,5.0
16,169,4.0
17,169,5.0
18,169,5.0
19,169,4.0
20,169,5.0
1,170,3.0
2,170,2.0
3,170,1.0
4,170,3.0
5,170,2.0
6,170,1.0
7,170,3.0
8,170,2.0
9,170,1.0
10,170,3.0
11,170,3.0
12,170,2.0
13,170,1.0
14,170,3.0
15,170,2.0
16,170,1.0
17,170,3.0
18,170,2.0
19,170,1.0
20,170,3.0
1,171,2.0
2,171,1.0
3,171,2.0
4,171,5.0
5,171,3.0
6,171,2.0
7,171,2.0
8,171,1.0
9,171,2.0
10,171,3.0
11,171,2.0
12,171,1.0
13,171,2.0
14,171,5.0
15,171,3.0
16,171,2.0
17,171,2.0
18,171,1.0
19,171,2.0
20,171,3.0
1,172,5.0
2,172,5.0
3,172,4.0
4,172,5.0
5,172,5.0
6,172,4.0
7,172,5.0
8,172,5.0
9,172,4.0
10,172,5.0
11,172,5.0
12,172,5.0
13,172,4.0
14,172,5.0
15,172,5.0
16,172,4.0
17,172,5.0
18,172,5.0
19,172,4.0
20,172,5.0
1,173,4.0
2,173,5.0
3,173,4.0
4,173,4.0
5,173,5.0
6,173,4.0
7,173,4.0
8,173,5.0
9,173,4.0
10,173,4.0
11,173,4.0
12,173,5.0
13,173,4.0
14,173,4.0
15,173,5.0
16,173,4.0
17,173,4.0
18,173,5.0
19,173,4.0
20,173,4.0
1,174,2.0
2,174,1.0
3,174,2.0
4,174,3.0
5,174,3.0
6,174,2.0
7,174,2.0
8,174,1.0
9,174,2.0
10,174,3.0
11,174,2.0
12,174,1.0
13,174,2.0
14,174,3.0
15,174,3.0
16,174,2.0
17,174,2.0
18,174,1.0
19,174,2.0
20,174,3.0
1,175,4.0
2,175,4.0
3,175,1.0
4,175,4.0
5,175,4.0
6,175,3.0
7,175,4.0
8,175,4.0
9,175,1.0
10,175,4.0
11,175,4.0
12,175,4.0
13,175,1.0
14,175,4.0
15,175,4.0
16,175,3.0
17,175,4.0
18,175,4.0
19,175,1.0
20,175,4.0
1,176,2.0
2,176,1.0
3,176,2.0
4,176,2.0
5,176,3.0
6,176,2.0
7,176,2.0
8,176,1.0
9,176,2.0
10,176,2.0
11,176,2.0
12,176,1.0
13,176,2.0
14,176,2.0
15,176,3.0
16,176,2.0
17,176,2.0
18,176,1.0
19,176,2.0
20,176,2.0
1,177,4.0
2,177,3.0
3,177,4.0
4,177,5.0
5,177,4.0
6,177,4.0
7,177,4.0
8,177,3.0
9,177,4.0
10,177,5.0
11,177,4.0
12,177,3.0
13,177,4.0
14,177,5.0
15,177,4.0
16,177,4.0
17,177,4.0
18,177,3.0
19,177,4.0
20,177,5.0
1,178,3.0
2,178,2.0
3,178,3.0
4,178,2.0
5,178,2.0
6,178,3.0
7,178,3.0
8,178,2.0
9,178,3.0
10,178,2.0
11,178,3.0
12,178,2.0
13,178,3.0
14,178,2.0
15,178,2.0
16,178,3.0
17,178,3.0
18,178,2.0
19,178,3.0
20,178,2.0
1,179,2.0
2,179,2.0
3,179,1.0
4,179,2.0
5,179,1.0
6,179,1.0
7,179,2.0
8,179,2.0
9,179,1.0
10,179,2.0
11,179,2.0
12,179,2.0
13,179,1.0
14,179,2.0
15,179,1.0
16,179,1.0
17,179,2.0
18,179,2.0
19,179,1.0
20,179,2.0
1,180,3.0
2,180,2.0
3,180,2.0
4,180,3.0
5,180,2.0
6,180,2.0
7,180,3.0
8,180,2.0
9,180,2.0
10,180,3.0
11,180,3.0
12,180,2.0
13,180,2.0
14,180,3.0
15,180,2.0
16,180,2.0
17,180,3.0
18,180,2.0
19,180,2.0
20,180,3.0
1,181,4.0
2,181,3.0
3,181,3.0
4,181,4.0
5,181,3.0
6,181,3.0
7,181,4.0
8,181,3.0
9,181,3.0
10,181,4.0
11,181,4.0
12,181,3.0
13,181,3.0
14,181,4.0
15,181,3.0
16,181,3.0
17,181,4.0
18,181,3.0
19,181,3.0
20,181,4.0
1,182,3.0
2,182,4.0
3,182,4.0
4,182,2.0
5,182,4.0
6,182,4.0
7,182,3.0
8,182,4.0
9,182,4.0
10,182,2.0
11,182,3.0
12,182,4.0
13,182,4.0
14,182,2.0
15,182,4.0
16,182,4.0
17,182,3.0
18,182,4.0
19,182,4.0
20,182,2.0
1,183,5.0
2,183,4.0
3,183,3.0
4,183,4.0
5,183,4.0
6,183,3.0
7,183,5.0
8,183,4.0
9,183,3.0
10,183,4.0
11,183,5.0
12,183,4.0
13,183,3.0
14,183,4.0
15,183,4.0
16,183,3.0
17,183,5.0
18,183,4.0
19,183,3.0
20,183,4.0
1,184,5.0
2,184,5.0
3,184,4.0
4,184,3.0
5,184,5.0
6,184,4.0
7,184,5.0
8,184,5.0
9,184,4.0
10,184,5.0
11,184,5.0
12,184,5.0
13,184,4.0
14,184,3.0
15,184,5.0
16,184,4.0
17,184,5.0
18,184,5.0
19,184,4.0
20,184,5.0
1,185,3.0
2,185,4.0
3,185,3.0
4,185,4.0
5,185,4.0
6,185,3.0
7,185,3.0
8,185,4.0
9,185,3.0
10,185,4.0
11,185,3.0
12,185,4.0
13,185,3.0
14,185,4.0
15,185,4.0
16,185,3.0
17,185,3.0
18,185,4.0
19,185,3.0
20,185,4.0
1,186,4.0
2,186,4.0
3,186,2.0
4,186,4.0
5,186,4.0
6,186,2.0
7,186,4.0
8,186,4.0
9,186,2.0
10,186,4.0
11,186,4.0
12,186,4.0
13,186,2.0
14,186,4.0
15,186,4.0
16,186,2.0
17,186,4.0
18,186,4.0
19,186,2.0
20,186,4.0
1,187,2.0
2,187,4.0
3,187,3.0
4,187,5.0
5,187,4.0
6,187,3.0
7,187,2.0
8,187,4.0
9,187,3.0
10,187,1.0
11,187,2.0
12,187,4.0
13,187,3.0
14,187,5.0
15,187,4.0
16,187,3.0
17,187,2.0
18,187,4.0
19,187,3.0
20,187,1.0
1,188,5.0
2,188,3.0
3,188,2.0
4,188,5.0
5,188,3.0
6,188,2.0
7,188,5.0
8,188,3.0
9,188,2.0
10,188,5.0
11,188,5.0
12,188,3.0
13,188,2.0
14,188,5.0
15,188,3.0
16,188,2.0
17,188,5.0
18,188,3.0
19,188,2.0
20,188,5.0
1,189,3.0
2,189,5.0
3,189,4.0
4,189,5.0
5,189,5.0
6,189,4.0
7,189,3.0
8,189,5.0
9,189,4.0
10,189,5.0
11,189,3.0
12,189,5.0
13,189,4.0
14,189,5.0
15,189,5.0
16,189,4.0
17,189,3.0
18,189,5.0
19,189,4.0
20,189,5.0
1,190,4.0
2,190,5.0
3,190,5.0
4,190,4.0
5,190,5.0
6,190,5.0
7,190,4.0
8,190,5.0
9,190,5.0
10,190,4.0
11,190,4.0
12,190,5.0
13,190,5.0
14,190,4.0
15,190,5.0
16,190,5.0
17,190,4.0
18,190,5.0
19,190,5.0
20,190,4.0
1,191,4.0
2,191,3.0
3,191,4.0
4,191,4.0
5,191,3.0
6,191,4.0
7,191,4.0
8,191,3.0
9,191,4.0
10,191,4.0
11,191,4.0
12,191,3.0
13,191,4.0
14,191,4.0
15,191,3.0
16,191,4.0
17,191,4.0
18,191,3.0
19,191,4.0
20,191,4.0
1,192,4.0
2,192,2.0
3,192,4.0
4,192,3.0
5,192,2.0
6,192,4.0
7,192,4.0
8,192,2.0
9,192,4.0
10,192,3.0
11,192,4.0
12,192,2.0
13,192,4.0
14,192,3.0
15,192,2.0
16,192,4.0
17,192,4.0
18,192,2.0
19,192,4.0
20,192,3.0
1,193,3.0
2,193,5.0
3,193,4.0
4,193,3.0
5,193,5.0
6,193,4.0
7,193,3.0
8,193,5.0
9,193,4.0
10,193,3.0
11,193,3.0
12,193,5.0
13,193,4.0
14,193,3.0
15,193,5.0
16,193,4.0
17,193,3.0
18,193,5.0
19,193,4.0
20,193,3.0
1,194,4.0
2,194,4.0
3,194,2.0
4,194,4.0
5,194,4.0
6,194,2.0
7,194,4.0
8,194,4.0
9,194,2.0
10,194,4.0
11,194,4.0
12,194,4.0
13,194,2.0
14,194,4.0
15,194,4.0
16,194,2.0
17,194,4.0
18,194,4.0
19,194,2.0
20,194,4.0
1,195,3.0
2,195,3.0
3,195,3.0
4,195,3.0
5,195,3.0
6,195,3.0
7,195,3.0
8,195,3.0
9,195,3.0
10,195,4.0
11,195,3.0
12,195,3.0
13,195,3.0
14,195,3.0
15,195,3.0
16,195,3.0
17,195,3.0
18,195,3.0
19,195,3.0
20,195,4.0
1,196,3.0
2,196,5.0
3,196,4.0
4,196,4.0
5,196,5.0
6,196,4.0
7,196,3.0
8,196,5.0
9,196,4.0
10,196,4.0
11,196,3.0
12,196,5.0
13,196,4.0
14,196,4.0
15,196,5.0
16,196,4.0
17,196,3.0
18,196,5.0
19,196,4.0
20,196,4.0
1,197,3.0
2,197,3.0
3,197,2.0
4,197,3.0
5,197,3.0
6,197,2.0
7,197,3.0
8,197,3.0
9,197,2.0
10,197,3.0
11,197,3.0
12,197,3.0
13,197,2.0
14,197,3.0
15,197,3.0
16,197,2.0
17,197,3.0
18,197,3.0
19,197,2.0
20,197,3.0
1,198,4.0
2,198,4.0
3,198,3.0
4,198,4.0
5,198,4.0
6,198,3.0
7,198,4.0
8,198,4.0
9,198,3.0
10,198,4.0
11,198,4.0
12,198,4.0
13,198,3.0
14,198,4.0
15,198,4.0
16,198,3.0
17,198,4.0
18,198,4.0
19,198,3.0
20,198,4.0
1,199,5.0
2,199,5.0
3,199,3.0
4,199,4.0
5,199,5.0
6,199,3.0
7,199,5.0
8,199,5.0
9,199,3.0
10,199,4.0
11,199,5.0
12,199,5.0
13,199,3.0
14,199,4.0
15,199,5.0
16,199,3.0
17,199,5.0
18,199,5.0
19,199,3.0
20,199,4.0
1,200,5.0
2,200,3.0
3,200,2.0
4,200,5.0
5,200,3.0
6,200,2.0
7,200,5.0
8,200,3.0
9,200,2.0
10,200,5.0
11,200,5.0
12,200,3.0
13,200,2.0
14,200,5.0
15,200,3.0
16,200,2.0
17,200,5.0
18,200,3.0
19,200,2.0
20,200,5.0
1,201,5.0
2,201,4.0
3,201,3.0
4,201,4.0
5,201,4.0
6,201,4.0
7,201,5.0
8,201,4.0
9,201,3.0
10,201,4.0
11,201,5.0
12,201,4.0
13,201,3.0
14,201,4.0
15,201,4.0
16,201,4.0
17,201,5.0
18,201,4.0
19,201,3.0
20,201,4.0
1,202,4.0
2,202,4.0
3,202,3.0
4,202,4.0
5,202,4.0
6,202,3.0
7,202,4.0
8,202,4.0
9,202,3.0
10,202,4.0
11,202,4.0
12,202,4.0
13,202,3.0
14,202,4.0
15,202,4.0
16,202,3.0
17,202,4.0
18,202,4.0
19,202,3.0
20,202,4.0
1,203,4.0
2,203,5.0
3,203,2.0
4,203,2.0
5,203,5.0
6,203,2.0
7,203,4.0
8,203,5.0
9,203,2.0
10,203,3.0
11,203,4.0
12,203,5.0
13,203,2.0
14,203,2.0
15,203,5.0
16,203,2.0
17,203,4.0
18,203,5.0
19,203,2.0
20,203,3.0
1,204,2.0
2,204,3.0
3,204,1.0
4,204,4.0
5,204,1.0
6,204,1.0
7,204,2.0
8,204,3.0
9,204,1.0
10,204,4.0
11,204,2.0
12,204,3.0
13,204,1.0
14,204,4.0
15,204,1.0
16,204,1.0
17,204,2.0
18,204,3.0
19,204,1.0
20,204,4.0
1,205,4.0
2,205,5.0
3,205,4.0
4,205,5.0
5,205,5.0
6,205,4.0
7,205,4.0
8,205,5.0
9,205,4.0
10,205,5.0
11,205,4.0
12,205,5.0
13,205,4.0
14,205,5.0
15,205,5.0
16,205,4.0
17,205,4.0
18,205,5.0
19,205,4.0
20,205,5.0
1,206,3.0
2,206,5.0
3,206,4.0
4,206,4.0
5,206,5.0
6,206,4.0
7,206,3.0
8,206,5.0
9,206,4.0
10,206,4.0
11,206,3.0
12,206,5.0
13,206,4.0
14,206,4.0
15,206,5.0
16,206,4.0
17,206,3.0
18,206,5.0
19,206,4.0
20,206,4.0
1,207,5.0
2,207,4.0
3,207,5.0
4,207,5.0
5,207,4.0
6,207,5.0
7,207,5.0
8,207,4.0
9,207,5.0
10,207,5.0
11,207,5.0
12,207,4.0
13,207,5.0
14,207,5.0
15,207,4.0
16,207,5.0
17,207,5.0
18,207,4.0
19,207,5.0
20,207,5.0
1,208,1.0
2,208,3.0
3,208,2.0
4,208,1.0
5,208,3.0
6,208,2.0
7,208,1.0
8,208,3.0
9,208,2.0
10,208,1.0
11,208,1.0
12,208,3.0
13,208,2.0
14,208,1.0
15,208,3.0
16,208,2.0
17,208,1.0
18,208,3.0
19,208,2.0
20,208,1.0
1,209,4.0
2,209,5.0
3,209,3.0
4,209,4.0
5,209,5.0
6,209,3.0
7,209,4.0
8,209,5.0
9,209,3.0
10,209,4.0
11,209,4.0
12,209,5.0
13,209,3.0
14,209,4.0
15,209,5.0
16,209,3.0
17,209,4.0
18,209,5.0
19,209,3.0
20,209,4.0
1,210,5.0
2,210,4.0
3,210,4.0
4,210,5.0
5,210,4.0
6,210,4.0
7,210,5.0
8,210,4.0
9,210,4.0
10,210,5.0
11,210,5.0
12,210,4.0
13,210,4.0
14,210,5.0
15,210,4.0
16,210,4.0
17,210,5.0
18,210,4.0
19,210,4.0
20,210,5.0
1,211,3.0
2,211,4.0
3,211,4.0
4,211,3.0
5,211,4.0
6,211,4.0
7,211,3.0
8,211,4.0
9,211,4.0
10,211,3.0
11,211,3.0
12,211,4.0
13,211,4.0
14,211,3.0
15,211,4.0
16,211,4.0
17,211,3.0
18,211,4.0
19,211,4.0
20,211,3.0
1,212,5.0
2,212,3.0
3,212,5.0
4,212,5.0
5,212,3.0
6,212,5.0
7,212,5.0
8,212,3.0
9,212,5.0
10,212,5.0
11,212,5.0
12,212,3.0
13,212,5.0
14,212,5.0
15,212,3.0
16,212,5.0
17,212,5.0
18,212,3.0
19,212,5.0
20,212,5.0
1,213,3.0
2,213,5.0
3,213,5.0
4,213,4.0
5,213,5.0
6,213,5.0
7,213,3.0
8,213,5.0
9,213,5.0
10,213,4.0
11,213,3.0
12,213,5.0
13,213,5.0
14,213,4.0
15,213,5.0
16,213,5.0
17,213,3.0
18,213,5.0
19,213,5.0
20,213,4.0
1,214,4.0
2,214,4.0
3,214,3.0
4,214,5.0
5,214,4.0
6,214,3.0
7,214,4.0
8,214,4.0
9,214,3.0
10,214,4.0
11,214,4.0
12,214,4.0
13,214,3.0
14,214,5.0
15,214,4.0
16,214,3.0
17,214,4.0
18,214,4.0
19,214,3.0
20,214,4.0
1,215,2.0
2,215,5.0
3,215,4.0
4,215,2.0
5,215,5.0
6,215,4.0
7,215,2.0
8,215,5.0
9,215,4.0
10,215,2.0
11,215,2.0
12,215,5.0
13,215,4.0
14,215,2.0
15,215,5.0
16,215,4.0
17,215,2.0
18,215,5.0
19,215,4.0
20,215,2.0
1,216,3.0
2,216,2.0
3,216,4.0
4,216,3.0
5,216,2.0
6,216,4.0
7,216,3.0
8,216,2.0
9,216,4.0
10,216,3.0
11,216,3.0
12,216,2.0
13,216,4.0
14,216,3.0
15,216,2.0
16,216,4.0
17,216,3.0
18,216,2.0
19,216,4.0
20,216,3.0
1,217,2.0
2,217,4.0
3,217,3.0
4,217,4.0
5,217,4.0
6,217,3.0
7,217,2.0
8,217,4.0
9,217,3.0
10,217,4.0
11,217,2.0
12,217,4.0
13,217,3.0
14,217,4.0
15,217,4.0
16,217,3.0
17,217,2.0
18,217,4.0
19,217,3.0
20,217,4.0
1,218,5.0
2,218,5.0
3,218,4.0
4,218,5.0
5,218,5.0
6,218,4.0
7,218,5.0
8,218,5.0
9,218,4.0
10,218,5.0
11,218,5.0
12,218,5.0
13,218,4.0
14,218,5.0
15,218,5.0
16,218,4.0
17,218,5.0
18,218,5.0
19,218,4.0
20,218,5.0
1,219,4.0
2,219,3.0
3,219,4.0
4,219,2.0
5,219,3.0
6,219,4.0
7,219,4.0
8,219,3.0
9,219,4.0
10,219,2.0
11,219,4.0
12,219,3.0
13,219,4.0
14,219,2.0
15,219,3.0
16,219,4.0
17,219,4.0
18,219,3.0
19,219,4.0
20,219,2.0
1,220,5.0
2,220,4.0
3,220,3.0
4,220,5.0
5,220,4.0
6,220,3.0
7,220,5.0
8,220,4.0
9,220,3.0
10,220,5.0
11,220,5.0
12,220,4.0
13,220,3.0
14,220,5.0
15,220,4.0
16,220,3.0
17,220,5.0
18,220,4.0
19,220,3.0
20,220,5.0
1,221,3.0
2,221,2.0
3,221,4.0
4,221,3.0
5,221,2.0
6,221,4.0
7,221,3.0
8,221,2.0
9,221,4.0
10,221,3.0
11,221,3.0
12,221,2.0
13,221,4.0
14,221,3.0
15,221,2.0
16,221,4.0
17,221,3.0
18,221,2.0
19,221,4.0
20,221,3.0
1,222,4.0
2,222,4.0
3,222,5.0
4,222,4.0
5,222,4.0
6,222,5.0
7,222,4.0
8,222,4.0
9,222,5.0
10,222,4.0
11,222,4.0
12,222,4.0
13,222,5.0
14,222,4.0
15,222,4.0
16,222,5.0
17,222,4.0
18,222,4.0
19,222,5.0
20,222,4.0
1,223,3.0
2,223,3.0
3,223,4.0
4,223,2.0
5,223,4.0
6,223,4.0
7,223,3.0
8,223,3.0
9,223,4.0
10,223,2.0
11,223,3.0
12,223,3.0
13,223,4.0
14,223,2.0
15,223,4.0
16,223,4.0
17,223,3.0
18,223,3.0
19,223,4.0
20,223,2.0
1,224,2.0
2,224,3.0
3,224,4.0
4,224,2.0
5,224,3.0
6,224,4.0
7,224,2.0
8,224,3.0
9,224,4.0
10,224,2.0
11,224,2.0
12,224,3.0
13,224,4.0
14,224,2.0
15,224,3.0
16,224,4.0
17,224,2.0
18,224,3.0
19,224,4.0
20,224,2.0
1,225,4.0
2,225,5.0
3,225,4.0
4,225,5.0
5,225,5.0
6,225,4.0
7,225,4.0
8,225,5.0
9,225,4.0
10,225,5.0
11,225,4.0
12,225,5.0
13,225,4.0
14,225,5.0
15,225,5.0
16,225,4.0
17,225,4.0
18,225,5.0
19,225,4.0
20,225,5.0
1,226,3.0
2,226,3.0
3,226,2.0
4,226,3.0
5,226,3.0
6,226,2.0
7,226,3.0
8,226,3.0
9,226,2.0
10,226,3.0
11,226,3.0
12,226,3.0
13,226,2.0
14,226,3.0
15,226,3.0
16,226,2.0
17,226,3.0
18,226,3.0
19,226,2.0
20,226,3.0
1,227,3.0
2,227,4.0
3,227,3.0
4,227,3.0
5,227,4.0
6,227,3.0
7,227,3.0
8,227,4.0
9,227,3.0
10,227,3.0
11,227,3.0
12,227,4.0
13,227,3.0
14,227,3.0
15,227,4.0
16,227,3.0
17,227,3.0
18,227,4.0
19,227,3.0
20,227,3.0
1,228,2.0
2,228,2.0
3,228,1.0
4,228,2.0
5,228,2.0
6,228,1.0
7,228,2.0
8,228,2.0
9,228,1.0
10,228,2.0
11,228,2.0
12,228,2.0
13,228,1.0
14,228,2.0
15,228,2.0
16,228,1.0
17,228,2.0
18,228,2.0
19,228,1.0
20,228,2.0
1,229,5.0
2,229,5.0
3,229,4.0
4,229,5.0
5,229,5.0
6,229,4.0
7,229,5.0
8,229,5.0
9,229,4.0
10,229,5.0
11,229,5.0
12,229,5.0
13,229,4.0
14,229,5.0
15,229,5.0
16,229,4.0
17,229,5.0
18,229,5.0
19,229,4.0
20,229,5.0
1,230,3.0
2,230,2.0
3,230,1.0
4,230,3.0
5,230,2.0
6,230,1.0
7,230,3.0
8,230,2.0
9,230,1.0
10,230,3.0
11,230,3.0
12,230,2.0
13,230,1.0
14,230,3.0
15,230,2.0
16,230,1.0
17,230,3.0
18,230,2.0
19,230,1.0
20,230,3.0
1,231,2.0
2,231,1.0
3,231,2.0
4,231,5.0
5,231,3.0
6,231,2.0
7,231,2.0
8,231,1.0
9,231,2.0
10,231,3.0
11,231,2.0
12,231,1.0
13,231,2.0
14,231,5.0
15,231,3.0
16,231,2.0
17,231,2.0
18,231,1.0
19,231,2.0
20,231,3.0
1,232,5.0
2,232,5.0
3,232,4.0
4,232,5.0
5,232,5.0
6,232,4.0
7,232,5.0
8,232,5.0
9,232,4.0
10,232,5.0
11,232,5.0
12,232,5.0
13,232,4.0
14,232,5.0
15,232,5.0
16,232,4.0
17,232,5.0
18,232,5.0
19,232,4.0
20,232,5.0
1,233,4.0
2,233,5.0
3,233,4.0
4,233,4.0
5,233,5.0
6,233,4.0
7,233,4.0
8,233,5.0
9,233,4.0
10,233,4.0
11,233,4.0
12,233,5.0
13,233,4.0
14,233,4.0
15,233,5.0
16,233,4.0
17,233,4.0
18,233,5.0
19,233,4.0
20,233,4.0
1,234,2.0
2,234,1.0
3,234,2.0
4,234,3.0
5,234,3.0
6,234,2.0
7,234,2.0
8,234,1.0
9,234,2.0
10,234,3.0
11,234,2.0
12,234,1.0
13,234,2.0
14,234,3.0
15,234,3.0
16,234,2.0
17,234,2.0
18,234,1.0
19,234,2.0
20,234,3.0
1,235,4.0
2,235,4.0
3,235,1.0
4,235,4.0
5,235,4.0
6,235,3.0
7,235,4.0
8,235,4.0
9,235,1.0
10,235,4.0
11,235,4.0
12,235,4.0
13,235,1.0
14,235,4.0
15,235,4.0
16,235,3.0
17,235,4.0
18,235,4.0
19,235,1.0
20,235,4.0
1,236,2.0
2,236,1.0
3,236,2.0
4,236,2.0
5,236,3.0
6,236,2.0
7,236,2.0
8,236,1.0
9,236,2.0
10,236,2.0
11,236,2.0
12,236,1.0
13,236,2.0
14,236,2.0
15,236,3.0
16,236,2.0
17,236,2.0
18,236,1.0
19,236,2.0
20,236,2.0
1,237,4.0
2,237,3.0
3,237,4.0
4,237,5.0
5,237,4.0
6,237,4.0
7,237,4.0
8,237,3.0
9,237,4.0
10,237,5.0
11,237,4.0
12,237,3.0
13,237,4.0
14,237,5.0
15,237,4.0
16,237,4.0
17,237,4.0
18,237,3.0
19,237,4.0
20,237,5.0
1,238,3.0
2,238,2.0
3,238,3.0
4,238,2.0
5,238,2.0
6,238,3.0
7,238,3.0
8,238,2.0
9,238,3.0
10,238,2.0
11,238,3.0
12,238,2.0
13,238,3.0
14,238,2.0
15,238,2.0
16,238,3.0
17,238,3.0
18,238,2.0
19,238,3.0
20,238,2.0
1,239,2.0
2,239,2.0
3,239,1.0
4,239,2.0
5,239,1.0
6,239,1.0
7,239,2.0
8,239,2.0
9,239,1.0
10,239,2.0
11,239,2.0
12,239,2.0
13,239,1.0
14,239,2.0
15,239,1.0
16,239,1.0
17,239,2.0
18,239,2.0
19,239,1.0
20,239,2.0
1,240,3.0
2,240,2.0
3,240,2.0
4,240,3.0
5,240,2.0
6,240,2.0
7,240,3.0
8,240,2.0
9,240,2.0
10,240,3.0
11,240,3.0
12,240,2.0
13,240,2.0
14,240,3.0
15,240,2.0
16,240,2.0
17,240,3.0
18,240,2.0
19,240,2.0
20,240,3.0
